{"rustc":16591470773350601817,"features":"[]","declared_features":"[]","target":17569088827798335317,"profile":2241668132362809309,"path":5961282764886925606,"deps":[[2357570525450087091,"num_cpus",false,15548871897545316137],[17917672826516349275,"lazy_static",false,1438723640261936684]],"local":[{"CheckDepInfo":{"dep_info":"debug\\.fingerprint\\solana-rayon-threadlimit-bf98910c80bb7725\\dep-lib-solana_rayon_threadlimit","checksum":false}}],"rustflags":["-C","link-args=/LIBPATH:\"C:/Program Files/Microsoft Visual Studio/2022/Community/VC/Tools/MSVC/14.40.33807/lib/x64\"","-C","link-args=/LIBPATH:\"C:/Program Files (x86)/Windows Kits/10/Lib/10.0.22621.0/um/x64\"","-C","link-args=/LIBPATH:\"C:/Program Files (x86)/Windows Kits/10/Lib/10.0.22621.0/ucrt/x64\""],"config":2069994364910194474,"compile_kind":0}