{"rustc":16591470773350601817,"features":"[]","declared_features":"[]","target":16652076073832724591,"profile":2241668132362809309,"path":832263858742445855,"deps":[[9010263965687315507,"http",false,16634283321792963514],[16066129441945555748,"bytes",false,11718588099253906836]],"local":[{"CheckDepInfo":{"dep_info":"debug\\.fingerprint\\http-body-c34f2695f25c81a2\\dep-lib-http_body","checksum":false}}],"rustflags":["-C","link-args=/LIBPATH:\"C:/Program Files/Microsoft Visual Studio/2022/Community/VC/Tools/MSVC/14.40.33807/lib/x64\"","-C","link-args=/LIBPATH:\"C:/Program Files (x86)/Windows Kits/10/Lib/10.0.22621.0/um/x64\"","-C","link-args=/LIBPATH:\"C:/Program Files (x86)/Windows Kits/10/Lib/10.0.22621.0/ucrt/x64\""],"config":2069994364910194474,"compile_kind":0}