{"rustc":16591470773350601817,"features":"[\"default\", \"futures-io\", \"std\"]","declared_features":"[\"default\", \"futures-io\", \"portable-atomic\", \"portable-atomic-util\", \"portable_atomic_crate\", \"std\"]","target":14014920426841647081,"profile":2241668132362809309,"path":2188847258374171058,"deps":[[5103565458935487,"futures_io",false,9531975113421697795],[1074848931188612602,"atomic_waker",false,11850849486292084282],[12285238697122577036,"fastrand",false,17137275396988139725]],"local":[{"CheckDepInfo":{"dep_info":"debug\\.fingerprint\\piper-607643c2589e4f5d\\dep-lib-piper","checksum":false}}],"rustflags":["-C","link-args=/LIBPATH:\"C:/Program Files/Microsoft Visual Studio/2022/Community/VC/Tools/MSVC/14.40.33807/lib/x64\"","-C","link-args=/LIBPATH:\"C:/Program Files (x86)/Windows Kits/10/Lib/10.0.22621.0/um/x64\"","-C","link-args=/LIBPATH:\"C:/Program Files (x86)/Windows Kits/10/Lib/10.0.22621.0/ucrt/x64\""],"config":2069994364910194474,"compile_kind":0}