{"rustc":16591470773350601817,"features":"[\"default\", \"utf8\"]","declared_features":"[\"core\", \"default\", \"utf8\"]","target":10225663410500332907,"profile":3955859983594325544,"path":6940799961982234398,"deps":[[17716308468579268865,"utf8parse",false,15756646281152212813]],"local":[{"CheckDepInfo":{"dep_info":"debug\\.fingerprint\\anstyle-parse-ebc6878cf10677cf\\dep-lib-anstyle_parse","checksum":false}}],"rustflags":["-C","link-args=/LIBPATH:\"C:/Program Files/Microsoft Visual Studio/2022/Community/VC/Tools/MSVC/14.40.33807/lib/x64\"","-C","link-args=/LIBPATH:\"C:/Program Files (x86)/Windows Kits/10/Lib/10.0.22621.0/um/x64\"","-C","link-args=/LIBPATH:\"C:/Program Files (x86)/Windows Kits/10/Lib/10.0.22621.0/ucrt/x64\""],"config":2069994364910194474,"compile_kind":0}