{"rustc":16591470773350601817,"features":"[]","declared_features":"[]","target":1870269869154335527,"profile":2241668132362809309,"path":4615498383818591924,"deps":[[40386456601120721,"percent_encoding",false,16576475662850446739]],"local":[{"CheckDepInfo":{"dep_info":"debug\\.fingerprint\\qstring-1bf083b626c4dafe\\dep-lib-qstring","checksum":false}}],"rustflags":["-C","link-args=/LIBPATH:\"C:/Program Files/Microsoft Visual Studio/2022/Community/VC/Tools/MSVC/14.40.33807/lib/x64\"","-C","link-args=/LIBPATH:\"C:/Program Files (x86)/Windows Kits/10/Lib/10.0.22621.0/um/x64\"","-C","link-args=/LIBPATH:\"C:/Program Files (x86)/Windows Kits/10/Lib/10.0.22621.0/ucrt/x64\""],"config":2069994364910194474,"compile_kind":0}