{"rustc":16591470773350601817,"features":"[\"default\", \"std\"]","declared_features":"[\"default\", \"nightly\", \"std\"]","target":12761582220268315191,"profile":2241668132362809309,"path":559959769793444159,"deps":[[2828590642173593838,"cfg_if",false,15198362490796964879]],"local":[{"CheckDepInfo":{"dep_info":"debug\\.fingerprint\\crc32fast-9e7283ab64970205\\dep-lib-crc32fast","checksum":false}}],"rustflags":["-C","link-args=/LIBPATH:\"C:/Program Files/Microsoft Visual Studio/2022/Community/VC/Tools/MSVC/14.40.33807/lib/x64\"","-C","link-args=/LIBPATH:\"C:/Program Files (x86)/Windows Kits/10/Lib/10.0.22621.0/um/x64\"","-C","link-args=/LIBPATH:\"C:/Program Files (x86)/Windows Kits/10/Lib/10.0.22621.0/ucrt/x64\""],"config":2069994364910194474,"compile_kind":0}