{"rustc":16591470773350601817,"features":"[\"regex\"]","declared_features":"[\"default\", \"regex\"]","target":12678044772393128127,"profile":7935687077742272606,"path":8913460554145676930,"deps":[[5986029879202738730,"log",false,4996972138495763121],[9451456094439810778,"regex",false,7918690439048513768]],"local":[{"CheckDepInfo":{"dep_info":"debug\\.fingerprint\\env_filter-7c0b4427936708ab\\dep-lib-env_filter","checksum":false}}],"rustflags":["-C","link-args=/LIBPATH:\"C:/Program Files/Microsoft Visual Studio/2022/Community/VC/Tools/MSVC/14.40.33807/lib/x64\"","-C","link-args=/LIBPATH:\"C:/Program Files (x86)/Windows Kits/10/Lib/10.0.22621.0/um/x64\"","-C","link-args=/LIBPATH:\"C:/Program Files (x86)/Windows Kits/10/Lib/10.0.22621.0/ucrt/x64\""],"config":2069994364910194474,"compile_kind":0}