{"rustc":16591470773350601817,"features":"[\"default\"]","declared_features":"[\"channel\", \"default\", \"full\"]","target":7120517503662506348,"profile":2241668132362809309,"path":5828151796998337198,"deps":[[1906322745568073236,"pin_project_lite",false,17454165027674039489],[7620660491849607393,"futures_core",false,13427215661141468680],[9010263965687315507,"http",false,16634283321792963514],[14084095096285906100,"http_body",false,12115735358615724522],[16066129441945555748,"bytes",false,11718588099253906836]],"local":[{"CheckDepInfo":{"dep_info":"debug\\.fingerprint\\http-body-util-1d00eb28f1ba8c14\\dep-lib-http_body_util","checksum":false}}],"rustflags":["-C","link-args=/LIBPATH:\"C:/Program Files/Microsoft Visual Studio/2022/Community/VC/Tools/MSVC/14.40.33807/lib/x64\"","-C","link-args=/LIBPATH:\"C:/Program Files (x86)/Windows Kits/10/Lib/10.0.22621.0/um/x64\"","-C","link-args=/LIBPATH:\"C:/Program Files (x86)/Windows Kits/10/Lib/10.0.22621.0/ucrt/x64\""],"config":2069994364910194474,"compile_kind":0}