{"rustc":16591470773350601817,"features":"[]","declared_features":"[]","target":16981889773646975102,"profile":2241668132362809309,"path":14467086686334139892,"deps":[[1615478164327904835,"pin_utils",false,889209750727022612]],"local":[{"CheckDepInfo":{"dep_info":"debug\\.fingerprint\\task-local-extensions-d71321626dacaffa\\dep-lib-task_local_extensions","checksum":false}}],"rustflags":["-C","link-args=/LIBPATH:\"C:/Program Files/Microsoft Visual Studio/2022/Community/VC/Tools/MSVC/14.40.33807/lib/x64\"","-C","link-args=/LIBPATH:\"C:/Program Files (x86)/Windows Kits/10/Lib/10.0.22621.0/um/x64\"","-C","link-args=/LIBPATH:\"C:/Program Files (x86)/Windows Kits/10/Lib/10.0.22621.0/ucrt/x64\""],"config":2069994364910194474,"compile_kind":0}