{"rustc":16591470773350601817,"features":"[\"default\"]","declared_features":"[\"default\", \"serde\"]","target":17069015087321959727,"profile":2241668132362809309,"path":1968491727175787687,"deps":[[1345404220202658316,"fnv",false,14621461150191092281],[17917672826516349275,"lazy_static",false,1438723640261936684]],"local":[{"CheckDepInfo":{"dep_info":"debug\\.fingerprint\\uriparse-70c5b8b5d0fe92c9\\dep-lib-uriparse","checksum":false}}],"rustflags":["-C","link-args=/LIBPATH:\"C:/Program Files/Microsoft Visual Studio/2022/Community/VC/Tools/MSVC/14.40.33807/lib/x64\"","-C","link-args=/LIBPATH:\"C:/Program Files (x86)/Windows Kits/10/Lib/10.0.22621.0/um/x64\"","-C","link-args=/LIBPATH:\"C:/Program Files (x86)/Windows Kits/10/Lib/10.0.22621.0/ucrt/x64\""],"config":2069994364910194474,"compile_kind":0}