{"rustc":16591470773350601817,"features":"[\"alloc\", \"default\", \"std\"]","declared_features":"[\"alloc\", \"default\", \"docsrs\", \"std\"]","target":15126381483855761411,"profile":2241668132362809309,"path":8360709203596106319,"deps":[[4917998273308230437,"minimal_lexical",false,2038955806127163466],[15932120279885307830,"memchr",false,15205635942149727054]],"local":[{"CheckDepInfo":{"dep_info":"debug\\.fingerprint\\nom-4b30b74d7fb9f547\\dep-lib-nom","checksum":false}}],"rustflags":["-C","link-args=/LIBPATH:\"C:/Program Files/Microsoft Visual Studio/2022/Community/VC/Tools/MSVC/14.40.33807/lib/x64\"","-C","link-args=/LIBPATH:\"C:/Program Files (x86)/Windows Kits/10/Lib/10.0.22621.0/um/x64\"","-C","link-args=/LIBPATH:\"C:/Program Files (x86)/Windows Kits/10/Lib/10.0.22621.0/ucrt/x64\""],"config":2069994364910194474,"compile_kind":0}