{"rustc":16591470773350601817,"features":"[\"alloc\", \"std\"]","declared_features":"[\"alloc\", \"default\", \"docsrs\", \"std\"]","target":15126381483855761411,"profile":2225463790103693989,"path":8360709203596106319,"deps":[[4917998273308230437,"minimal_lexical",false,11344075125415121386],[15932120279885307830,"memchr",false,18263003839112316713]],"local":[{"CheckDepInfo":{"dep_info":"debug\\.fingerprint\\nom-384be800e85f68b6\\dep-lib-nom","checksum":false}}],"rustflags":["-C","link-args=/LIBPATH:\"C:/Program Files/Microsoft Visual Studio/2022/Community/VC/Tools/MSVC/14.40.33807/lib/x64\"","-C","link-args=/LIBPATH:\"C:/Program Files (x86)/Windows Kits/10/Lib/10.0.22621.0/um/x64\"","-C","link-args=/LIBPATH:\"C:/Program Files (x86)/Windows Kits/10/Lib/10.0.22621.0/ucrt/x64\""],"config":2069994364910194474,"compile_kind":0}