{"rustc":16591470773350601817,"features":"[\"default\", \"std\"]","declared_features":"[\"arbitrary\", \"borsh\", \"default\", \"quickcheck\", \"rayon\", \"serde\", \"std\", \"test_debug\"]","target":10391229881554802429,"profile":16481508278299956489,"path":17788710763034110420,"deps":[[1099106214093768284,"hashbrown",false,1938752622534233041],[5230392855116717286,"equivalent",false,17675661215253642386]],"local":[{"CheckDepInfo":{"dep_info":"debug\\.fingerprint\\indexmap-4c20916b5b08bc5d\\dep-lib-indexmap","checksum":false}}],"rustflags":["-C","link-args=/LIBPATH:\"C:/Program Files/Microsoft Visual Studio/2022/Community/VC/Tools/MSVC/14.40.33807/lib/x64\"","-C","link-args=/LIBPATH:\"C:/Program Files (x86)/Windows Kits/10/Lib/10.0.22621.0/um/x64\"","-C","link-args=/LIBPATH:\"C:/Program Files (x86)/Windows Kits/10/Lib/10.0.22621.0/ucrt/x64\""],"config":2069994364910194474,"compile_kind":0}