{"rustc":16591470773350601817,"features":"[]","declared_features":"[\"bench\", \"dogged\", \"persistent\"]","target":6219321578580298146,"profile":2225463790103693989,"path":13089539436327029514,"deps":[[5986029879202738730,"log",false,16329035122158384902]],"local":[{"CheckDepInfo":{"dep_info":"debug\\.fingerprint\\ena-461e82df704f704a\\dep-lib-ena","checksum":false}}],"rustflags":["-C","link-args=/LIBPATH:\"C:/Program Files/Microsoft Visual Studio/2022/Community/VC/Tools/MSVC/14.40.33807/lib/x64\"","-C","link-args=/LIBPATH:\"C:/Program Files (x86)/Windows Kits/10/Lib/10.0.22621.0/um/x64\"","-C","link-args=/LIBPATH:\"C:/Program Files (x86)/Windows Kits/10/Lib/10.0.22621.0/ucrt/x64\""],"config":2069994364910194474,"compile_kind":0}