{"rustc":16591470773350601817,"features":"[\"parse\"]","declared_features":"[\"default\", \"display\", \"parse\", \"perf\", \"serde\", \"unbounded\", \"unstable-debug\"]","target":6238804416149507186,"profile":14451993395899282124,"path":666949132272584077,"deps":[[4092966635514367252,"toml_datetime",false,4484836172406852475],[7621100166442077884,"winnow",false,17727472740460368576],[14483812548788871374,"indexmap",false,7747828862542501460]],"local":[{"CheckDepInfo":{"dep_info":"debug\\.fingerprint\\toml_edit-725e4c3eeae71e60\\dep-lib-toml_edit","checksum":false}}],"rustflags":["-C","link-args=/LIBPATH:\"C:/Program Files/Microsoft Visual Studio/2022/Community/VC/Tools/MSVC/14.40.33807/lib/x64\"","-C","link-args=/LIBPATH:\"C:/Program Files (x86)/Windows Kits/10/Lib/10.0.22621.0/um/x64\"","-C","link-args=/LIBPATH:\"C:/Program Files (x86)/Windows Kits/10/Lib/10.0.22621.0/ucrt/x64\""],"config":2069994364910194474,"compile_kind":0}