{"rustc":16591470773350601817,"features":"[]","declared_features":"[]","target":5389920650425618136,"profile":2241668132362809309,"path":5883818548456250998,"deps":[[6502365400774175331,"nom",false,1630219167899642761]],"local":[{"CheckDepInfo":{"dep_info":"debug\\.fingerprint\\rusticata-macros-3bdbca842cd47dce\\dep-lib-rusticata_macros","checksum":false}}],"rustflags":["-C","link-args=/LIBPATH:\"C:/Program Files/Microsoft Visual Studio/2022/Community/VC/Tools/MSVC/14.40.33807/lib/x64\"","-C","link-args=/LIBPATH:\"C:/Program Files (x86)/Windows Kits/10/Lib/10.0.22621.0/um/x64\"","-C","link-args=/LIBPATH:\"C:/Program Files (x86)/Windows Kits/10/Lib/10.0.22621.0/ucrt/x64\""],"config":2069994364910194474,"compile_kind":0}