{"rustc":16591470773350601817,"features":"[]","declared_features":"[]","target":6053490367063310035,"profile":2241668132362809309,"path":14304863009128360360,"deps":[[16468274364286264991,"try_lock",false,11615596873721513093]],"local":[{"CheckDepInfo":{"dep_info":"debug\\.fingerprint\\want-d75b4231705f9477\\dep-lib-want","checksum":false}}],"rustflags":["-C","link-args=/LIBPATH:\"C:/Program Files/Microsoft Visual Studio/2022/Community/VC/Tools/MSVC/14.40.33807/lib/x64\"","-C","link-args=/LIBPATH:\"C:/Program Files (x86)/Windows Kits/10/Lib/10.0.22621.0/um/x64\"","-C","link-args=/LIBPATH:\"C:/Program Files (x86)/Windows Kits/10/Lib/10.0.22621.0/ucrt/x64\""],"config":2069994364910194474,"compile_kind":0}