{"rustc":16591470773350601817,"features":"[]","declared_features":"[\"unsafe\"]","target":8756844401079878655,"profile":2241668132362809309,"path":5698701587958774633,"deps":[[9611597350722197978,"alloc_no_stdlib",false,15307472744549325283]],"local":[{"CheckDepInfo":{"dep_info":"debug\\.fingerprint\\alloc-stdlib-0e4f5f1497ba335d\\dep-lib-alloc_stdlib","checksum":false}}],"rustflags":["-C","link-args=/LIBPATH:\"C:/Program Files/Microsoft Visual Studio/2022/Community/VC/Tools/MSVC/14.40.33807/lib/x64\"","-C","link-args=/LIBPATH:\"C:/Program Files (x86)/Windows Kits/10/Lib/10.0.22621.0/um/x64\"","-C","link-args=/LIBPATH:\"C:/Program Files (x86)/Windows Kits/10/Lib/10.0.22621.0/ucrt/x64\""],"config":2069994364910194474,"compile_kind":0}