{"rustc":16591470773350601817,"features":"[]","declared_features":"[]","target":5476236772333675263,"profile":2225463790103693989,"path":9579414354516345475,"deps":[[2236794229980649045,"toml_edit",false,9790670887050440346]],"local":[{"CheckDepInfo":{"dep_info":"debug\\.fingerprint\\proc-macro-crate-310ebc71df5c6971\\dep-lib-proc_macro_crate","checksum":false}}],"rustflags":["-C","link-args=/LIBPATH:\"C:/Program Files/Microsoft Visual Studio/2022/Community/VC/Tools/MSVC/14.40.33807/lib/x64\"","-C","link-args=/LIBPATH:\"C:/Program Files (x86)/Windows Kits/10/Lib/10.0.22621.0/um/x64\"","-C","link-args=/LIBPATH:\"C:/Program Files (x86)/Windows Kits/10/Lib/10.0.22621.0/ucrt/x64\""],"config":2069994364910194474,"compile_kind":0}