{"rustc":16591470773350601817,"features":"[]","declared_features":"[\"default\", \"std\"]","target":7732406986437788878,"profile":2225463790103693989,"path":17921126876763483406,"deps":[[16338158256160912385,"bit_vec",false,3784763994866241179]],"local":[{"CheckDepInfo":{"dep_info":"debug\\.fingerprint\\bit-set-71543404a2d47e2c\\dep-lib-bit_set","checksum":false}}],"rustflags":["-C","link-args=/LIBPATH:\"C:/Program Files/Microsoft Visual Studio/2022/Community/VC/Tools/MSVC/14.40.33807/lib/x64\"","-C","link-args=/LIBPATH:\"C:/Program Files (x86)/Windows Kits/10/Lib/10.0.22621.0/um/x64\"","-C","link-args=/LIBPATH:\"C:/Program Files (x86)/Windows Kits/10/Lib/10.0.22621.0/ucrt/x64\""],"config":2069994364910194474,"compile_kind":0}