{"rustc":16591470773350601817,"features":"[]","declared_features":"[]","target":1208890678314400944,"profile":2241668132362809309,"path":678056269630076036,"deps":[[1906322745568073236,"pin_project_lite",false,17454165027674039489],[4405182208873388884,"http",false,17560732613601409512],[16066129441945555748,"bytes",false,11718588099253906836]],"local":[{"CheckDepInfo":{"dep_info":"debug\\.fingerprint\\http-body-df8ede76d9ed3fa3\\dep-lib-http_body","checksum":false}}],"rustflags":["-C","link-args=/LIBPATH:\"C:/Program Files/Microsoft Visual Studio/2022/Community/VC/Tools/MSVC/14.40.33807/lib/x64\"","-C","link-args=/LIBPATH:\"C:/Program Files (x86)/Windows Kits/10/Lib/10.0.22621.0/um/x64\"","-C","link-args=/LIBPATH:\"C:/Program Files (x86)/Windows Kits/10/Lib/10.0.22621.0/ucrt/x64\""],"config":2069994364910194474,"compile_kind":0}