{"rustc":16591470773350601817,"features":"[]","declared_features":"[]","target":18139931998865716051,"profile":2225463790103693989,"path":18125275853884176633,"deps":[[6502365400774175331,"nom",false,12393048571996325036]],"local":[{"CheckDepInfo":{"dep_info":"debug\\.fingerprint\\cexpr-fe54ed58ce908c8e\\dep-lib-cexpr","checksum":false}}],"rustflags":["-C","link-args=/LIBPATH:\"C:/Program Files/Microsoft Visual Studio/2022/Community/VC/Tools/MSVC/14.40.33807/lib/x64\"","-C","link-args=/LIBPATH:\"C:/Program Files (x86)/Windows Kits/10/Lib/10.0.22621.0/um/x64\"","-C","link-args=/LIBPATH:\"C:/Program Files (x86)/Windows Kits/10/Lib/10.0.22621.0/ucrt/x64\""],"config":2069994364910194474,"compile_kind":0}