{"rustc":16591470773350601817,"features":"[]","declared_features":"[\"all\", \"default\", \"generate\", \"graphmap\", \"matrix_graph\", \"quickcheck\", \"rayon\", \"serde\", \"serde-1\", \"serde_derive\", \"stable_graph\", \"unstable\"]","target":16670801973687532141,"profile":2225463790103693989,"path":7702700133855614238,"deps":[[14483812548788871374,"indexmap",false,7747828862542501460],[18312645897321731715,"fixedbitset",false,1183959444079574154]],"local":[{"CheckDepInfo":{"dep_info":"debug\\.fingerprint\\petgraph-0e3792101a2a4400\\dep-lib-petgraph","checksum":false}}],"rustflags":["-C","link-args=/LIBPATH:\"C:/Program Files/Microsoft Visual Studio/2022/Community/VC/Tools/MSVC/14.40.33807/lib/x64\"","-C","link-args=/LIBPATH:\"C:/Program Files (x86)/Windows Kits/10/Lib/10.0.22621.0/um/x64\"","-C","link-args=/LIBPATH:\"C:/Program Files (x86)/Windows Kits/10/Lib/10.0.22621.0/ucrt/x64\""],"config":2069994364910194474,"compile_kind":0}