{"rustc":16591470773350601817,"features":"[]","declared_features":"[\"serde\"]","target":10030560586227036743,"profile":2241668132362809309,"path":6190011767343572034,"deps":[[17282734725213053079,"base64",false,2474013915551424089]],"local":[{"CheckDepInfo":{"dep_info":"debug\\.fingerprint\\pem-b06eacd308cdc907\\dep-lib-pem","checksum":false}}],"rustflags":["-C","link-args=/LIBPATH:\"C:/Program Files/Microsoft Visual Studio/2022/Community/VC/Tools/MSVC/14.40.33807/lib/x64\"","-C","link-args=/LIBPATH:\"C:/Program Files (x86)/Windows Kits/10/Lib/10.0.22621.0/um/x64\"","-C","link-args=/LIBPATH:\"C:/Program Files (x86)/Windows Kits/10/Lib/10.0.22621.0/ucrt/x64\""],"config":2069994364910194474,"compile_kind":0}