{"rustc":16591470773350601817,"features":"[\"default\", \"std\"]","declared_features":"[\"default\", \"std\"]","target":12592702405390259930,"profile":2241668132362809309,"path":6973382826249116692,"deps":[[1345404220202658316,"fnv",false,14621461150191092281],[7695812897323945497,"itoa",false,14766576624596488377],[16066129441945555748,"bytes",false,11718588099253906836]],"local":[{"CheckDepInfo":{"dep_info":"debug\\.fingerprint\\http-41d1e7433c4407e5\\dep-lib-http","checksum":false}}],"rustflags":["-C","link-args=/LIBPATH:\"C:/Program Files/Microsoft Visual Studio/2022/Community/VC/Tools/MSVC/14.40.33807/lib/x64\"","-C","link-args=/LIBPATH:\"C:/Program Files (x86)/Windows Kits/10/Lib/10.0.22621.0/um/x64\"","-C","link-args=/LIBPATH:\"C:/Program Files (x86)/Windows Kits/10/Lib/10.0.22621.0/ucrt/x64\""],"config":2069994364910194474,"compile_kind":0}