{"rustc":16591470773350601817,"features":"[]","declared_features":"[]","target":11563635400654898068,"profile":2241668132362809309,"path":15882011109911314119,"deps":[[18066890886671768183,"base64",false,4696983760616220602]],"local":[{"CheckDepInfo":{"dep_info":"debug\\.fingerprint\\rustls-pemfile-516921b0292325d8\\dep-lib-rustls_pemfile","checksum":false}}],"rustflags":["-C","link-args=/LIBPATH:\"C:/Program Files/Microsoft Visual Studio/2022/Community/VC/Tools/MSVC/14.40.33807/lib/x64\"","-C","link-args=/LIBPATH:\"C:/Program Files (x86)/Windows Kits/10/Lib/10.0.22621.0/um/x64\"","-C","link-args=/LIBPATH:\"C:/Program Files (x86)/Windows Kits/10/Lib/10.0.22621.0/ucrt/x64\""],"config":2069994364910194474,"compile_kind":0}