{"rustc":16591470773350601817,"features":"[]","declared_features":"[]","target":17542847944941483352,"profile":2241668132362809309,"path":17721018544386650440,"deps":[[5305509385085861704,"five8_core",false,7677613901019932516]],"local":[{"CheckDepInfo":{"dep_info":"debug\\.fingerprint\\five8_const-e7f2783a6c8bbc90\\dep-lib-five8_const","checksum":false}}],"rustflags":["-C","link-args=/LIBPATH:\"C:/Program Files/Microsoft Visual Studio/2022/Community/VC/Tools/MSVC/14.40.33807/lib/x64\"","-C","link-args=/LIBPATH:\"C:/Program Files (x86)/Windows Kits/10/Lib/10.0.22621.0/um/x64\"","-C","link-args=/LIBPATH:\"C:/Program Files (x86)/Windows Kits/10/Lib/10.0.22621.0/ucrt/x64\""],"config":2069994364910194474,"compile_kind":0}