{"rustc":16591470773350601817,"features":"[]","declared_features":"[]","target":5619844239187112204,"profile":2241668132362809309,"path":10518362349652142016,"deps":[[17605463040769025804,"solana_derivation_path",false,10244841957060491389]],"local":[{"CheckDepInfo":{"dep_info":"debug\\.fingerprint\\solana-seed-derivable-bb67c79eaf545bd0\\dep-lib-solana_seed_derivable","checksum":false}}],"rustflags":["-C","link-args=/LIBPATH:\"C:/Program Files/Microsoft Visual Studio/2022/Community/VC/Tools/MSVC/14.40.33807/lib/x64\"","-C","link-args=/LIBPATH:\"C:/Program Files (x86)/Windows Kits/10/Lib/10.0.22621.0/um/x64\"","-C","link-args=/LIBPATH:\"C:/Program Files (x86)/Windows Kits/10/Lib/10.0.22621.0/ucrt/x64\""],"config":2069994364910194474,"compile_kind":0}