{"rustc":16591470773350601817,"features":"[]","declared_features":"[\"default\", \"use_alloc\", \"use_std\"]","target":9541170365560449339,"profile":2241668132362809309,"path":2103670469633796952,"deps":[[12170264697963848012,"either",false,8994684520951824415]],"local":[{"CheckDepInfo":{"dep_info":"debug\\.fingerprint\\itertools-45826ac13ce15d65\\dep-lib-itertools","checksum":false}}],"rustflags":["-C","link-args=/LIBPATH:\"C:/Program Files/Microsoft Visual Studio/2022/Community/VC/Tools/MSVC/14.40.33807/lib/x64\"","-C","link-args=/LIBPATH:\"C:/Program Files (x86)/Windows Kits/10/Lib/10.0.22621.0/um/x64\"","-C","link-args=/LIBPATH:\"C:/Program Files (x86)/Windows Kits/10/Lib/10.0.22621.0/ucrt/x64\""],"config":2069994364910194474,"compile_kind":0}