{"rustc":16591470773350601817,"features":"[]","declared_features":"[\"default\", \"use_alloc\", \"use_std\"]","target":9541170365560449339,"profile":2225463790103693989,"path":1554888431904174204,"deps":[[12170264697963848012,"either",false,17778077748796470368]],"local":[{"CheckDepInfo":{"dep_info":"debug\\.fingerprint\\itertools-717e339ac115dc2d\\dep-lib-itertools","checksum":false}}],"rustflags":["-C","link-args=/LIBPATH:\"C:/Program Files/Microsoft Visual Studio/2022/Community/VC/Tools/MSVC/14.40.33807/lib/x64\"","-C","link-args=/LIBPATH:\"C:/Program Files (x86)/Windows Kits/10/Lib/10.0.22621.0/um/x64\"","-C","link-args=/LIBPATH:\"C:/Program Files (x86)/Windows Kits/10/Lib/10.0.22621.0/ucrt/x64\""],"config":2069994364910194474,"compile_kind":0}