{"rustc":16591470773350601817,"features":"[]","declared_features":"[]","target":2058776855239298915,"profile":2241668132362809309,"path":877393105091069529,"deps":[[5986029879202738730,"log",false,4996972138495763121]],"local":[{"CheckDepInfo":{"dep_info":"debug\\.fingerprint\\kv-log-macro-9427e70a01bebc1c\\dep-lib-kv_log_macro","checksum":false}}],"rustflags":["-C","link-args=/LIBPATH:\"C:/Program Files/Microsoft Visual Studio/2022/Community/VC/Tools/MSVC/14.40.33807/lib/x64\"","-C","link-args=/LIBPATH:\"C:/Program Files (x86)/Windows Kits/10/Lib/10.0.22621.0/um/x64\"","-C","link-args=/LIBPATH:\"C:/Program Files (x86)/Windows Kits/10/Lib/10.0.22621.0/ucrt/x64\""],"config":2069994364910194474,"compile_kind":0}