{"rustc":16591470773350601817,"features":"[\"default\"]","declared_features":"[\"default\", \"libc\"]","target":17223483779842099344,"profile":2241668132362809309,"path":9811609489050927397,"deps":[[15932120279885307830,"memchr",false,15205635942149727054]],"local":[{"CheckDepInfo":{"dep_info":"debug\\.fingerprint\\csv-core-ee5bbad45d940e1e\\dep-lib-csv_core","checksum":false}}],"rustflags":["-C","link-args=/LIBPATH:\"C:/Program Files/Microsoft Visual Studio/2022/Community/VC/Tools/MSVC/14.40.33807/lib/x64\"","-C","link-args=/LIBPATH:\"C:/Program Files (x86)/Windows Kits/10/Lib/10.0.22621.0/um/x64\"","-C","link-args=/LIBPATH:\"C:/Program Files (x86)/Windows Kits/10/Lib/10.0.22621.0/ucrt/x64\""],"config":2069994364910194474,"compile_kind":0}