{"rustc":16591470773350601817,"features":"[]","declared_features":"[]","target":8521492220258140178,"profile":2241668132362809309,"path":11641641499496723463,"deps":[[1230783206204459120,"uriparse",false,17429757999574149753],[5092398082731730447,"derivation_path",false,2877017348988568119],[13024038960712206194,"qstring",false,8500901088235645362]],"local":[{"CheckDepInfo":{"dep_info":"debug\\.fingerprint\\solana-derivation-path-42469d66fc64c379\\dep-lib-solana_derivation_path","checksum":false}}],"rustflags":["-C","link-args=/LIBPATH:\"C:/Program Files/Microsoft Visual Studio/2022/Community/VC/Tools/MSVC/14.40.33807/lib/x64\"","-C","link-args=/LIBPATH:\"C:/Program Files (x86)/Windows Kits/10/Lib/10.0.22621.0/um/x64\"","-C","link-args=/LIBPATH:\"C:/Program Files (x86)/Windows Kits/10/Lib/10.0.22621.0/ucrt/x64\""],"config":2069994364910194474,"compile_kind":0}