{"rustc":16591470773350601817,"features":"[\"alloc\", \"default\", \"fastrand\", \"futures-io\", \"parking\", \"race\", \"std\"]","declared_features":"[\"alloc\", \"default\", \"fastrand\", \"futures-io\", \"memchr\", \"parking\", \"race\", \"std\"]","target":4894038637245960899,"profile":2241668132362809309,"path":16335962331893290837,"deps":[[5103565458935487,"futures_io",false,9531975113421697795],[189982446159473706,"parking",false,3300844113713904829],[1906322745568073236,"pin_project_lite",false,17454165027674039489],[7620660491849607393,"futures_core",false,13427215661141468680],[12285238697122577036,"fastrand",false,17137275396988139725]],"local":[{"CheckDepInfo":{"dep_info":"debug\\.fingerprint\\futures-lite-fd599257d5b8ddba\\dep-lib-futures_lite","checksum":false}}],"rustflags":["-C","link-args=/LIBPATH:\"C:/Program Files/Microsoft Visual Studio/2022/Community/VC/Tools/MSVC/14.40.33807/lib/x64\"","-C","link-args=/LIBPATH:\"C:/Program Files (x86)/Windows Kits/10/Lib/10.0.22621.0/um/x64\"","-C","link-args=/LIBPATH:\"C:/Program Files (x86)/Windows Kits/10/Lib/10.0.22621.0/ucrt/x64\""],"config":2069994364910194474,"compile_kind":0}