{"rustc":16591470773350601817,"features":"[]","declared_features":"[]","target":16278532364759576793,"profile":2241668132362809309,"path":15867840171175013637,"deps":[[6550646399885026072,"foreign_types_shared",false,5786392549818096904]],"local":[{"CheckDepInfo":{"dep_info":"debug\\.fingerprint\\foreign-types-5cbc0b752698a186\\dep-lib-foreign_types","checksum":false}}],"rustflags":["-C","link-args=/LIBPATH:\"C:/Program Files/Microsoft Visual Studio/2022/Community/VC/Tools/MSVC/14.40.33807/lib/x64\"","-C","link-args=/LIBPATH:\"C:/Program Files (x86)/Windows Kits/10/Lib/10.0.22621.0/um/x64\"","-C","link-args=/LIBPATH:\"C:/Program Files (x86)/Windows Kits/10/Lib/10.0.22621.0/ucrt/x64\""],"config":2069994364910194474,"compile_kind":0}